12 Jul 2023 12:00:00,Town Upkeep,town-marville,10.0,None
12 Jul 2023 12:00:00,Town Upkeep,town-Penis_Corp.,10.0,None
12 Jul 2023 12:00:00,Town Upkeep,town-Poland,10.0,None
12 Jul 2023 12:00:00,Town Upkeep,town-Silmonton,10.0,None
12 Jul 2023 12:00:00,Town Peace Upkeep,town-Silmonton,25.0,None
12 Jul 2023 12:00:00,Town Upkeep,town-oceanside,10.0,None
12 Jul 2023 12:00:00,Town Upkeep,town-The_Cherry_Oasis,10.0,None
12 Jul 2023 12:00:00,Town Upkeep,town-towntopia,10.0,None
12 Jul 2023 12:00:00,Town Upkeep,town-MushRoom,10.0,None
12 Jul 2023 12:00:00,Town Upkeep,town-spruce,10.0,None
12 Jul 2023 17:46:39,Town Claim (1) by Rebbebba,town-Poland,25.0,None
